Bussiness__City,Bussiness__Country,Bussiness__Description,Bussiness__Name,Bussiness__StreetAddress,Bussiness__Zipcode,Customer__Email,Customer__Name,Customer__PhoneNumber,Customer__Address__line1,Customer__Address__line2,Invoice__BillDetails__Name,Invoice__BillDetails__Quantity,Invoice__BillDetails__Rate,Invoice__Description,Invoice__DueDate,Invoice__IssueDate,Invoice__Number,Invoice__Tax
Jamestown,"Tennessee, USA",We are here to serve you better. Reach out to us in case of any concern or feedbacks.,NearBy Electronics,3741 Glory Road,38556,Willis_Koelpin4@yahoo.com,Willis Koelpin ,783-402-5895,353 Cara Shoals ,Suchitlán ,Rustic Rubber Gloves ,102 ,29 ,minim velit velit fugiat culpa deserunt ex aliquip cillum est aliqua ex amet amet,08-07-2023,12-05-2023,NL57EPAS7793742478,10
Jamestown,"Tennessee, USA",We are here to serve you better. Reach out to us in case of any concern or feedbacks.,NearBy Electronics,3741 Glory Road,38556,Willis_Koelpin4@yahoo.com,Willis Koelpin ,783-402-5895,353 Cara Shoals ,Suchitlán ,Fantastic Granite Salad ,39 ,27 ,minim velit velit fugiat culpa deserunt ex aliquip cillum est aliqua ex amet amet,08-07-2023,12-05-2023,NL57EPAS7793742478,10
Jamestown,"Tennessee, USA",We are here to serve you better. Reach out to us in case of any concern or feedbacks.,NearBy Electronics,3741 Glory Road,38556,Willis_Koelpin4@yahoo.com,Willis Koelpin ,783-402-5895,353 Cara Shoals ,Suchitlán ,Small Fresh Salad ,95 ,69 ,minim velit velit fugiat culpa deserunt ex aliquip cillum est aliqua ex amet amet,08-07-2023,12-05-2023,NL57EPAS7793742478,10
Jamestown,"Tennessee, USA",We are here to serve you better. Reach out to us in case of any concern or feedbacks.,NearBy Electronics,3741 Glory Road,38556,Willis_Koelpin4@yahoo.com,Willis Koelpin ,783-402-5895,353 Cara Shoals ,Suchitlán ,Fantastic Metal Chips ,67 ,49 ,minim velit velit fugiat culpa deserunt ex aliquip cillum est aliqua ex amet amet,08-07-2023,12-05-2023,NL57EPAS7793742478,10
Jamestown,"Tennessee, USA",We are here to serve you better. Reach out to us in case of any concern or feedbacks.,NearBy Electronics,3741 Glory Road,38556,Willis_Koelpin4@yahoo.com,Willis Koelpin ,783-402-5895,353 Cara Shoals ,Suchitlán ,Refined Cotton Pants ,79 ,72 ,minim velit velit fugiat culpa deserunt ex aliquip cillum est aliqua ex amet amet,08-07-2023,12-05-2023,NL57EPAS7793742478,10
Jamestown,"Tennessee, USA",We are here to serve you better. Reach out to us in case of any concern or feedbacks.,NearBy Electronics,3741 Glory Road,38556,Willis_Koelpin4@yahoo.com,Willis Koelpin ,783-402-5895,353 Cara Shoals ,Suchitlán ,Ergonomic Concrete Towels ,35 ,22 ,minim velit velit fugiat culpa deserunt ex aliquip cillum est aliqua ex amet amet,08-07-2023,12-05-2023,NL57EPAS7793742478,10
Jamestown,"Tennessee, USA",We are here to serve you better. Reach out to us in case of any concern or feedbacks.,NearBy Electronics,3741 Glory Road,38556,Don_Zulauf40@hotmail.com,Don Zulauf ,110-825-4839,121 Jacobs River ,Port-Vila ,Awesome Fresh Hat ,28 ,60 ,veniam ,08-07-2023,12-05-2023,TG67TS4201156943079376302586,10
Jamestown,"Tennessee, USA",We are here to serve you better. Reach out to us in case of any concern or feedbacks.,NearBy Electronics,3741 Glory Road,38556,Don_Zulauf40@hotmail.com,Don Zulauf ,110-825-4839,121 Jacobs River ,Port-Vila ,Licensed Fresh Pizza ,114 ,94 ,veniam ,08-07-2023,12-05-2023,TG67TS4201156943079376302586,10
Jamestown,"Tennessee, USA",We are here to serve you better. Reach out to us in case of any concern or feedbacks.,NearBy Electronics,3741 Glory Road,38556,Don_Zulauf40@hotmail.com,Don Zulauf ,110-825-4839,121 Jacobs River ,Port-Vila ,Unbranded Concrete Shirt ,44 ,95 ,veniam ,08-07-2023,12-05-2023,TG67TS4201156943079376302586,10
Jamestown,"Tennessee, USA",We are here to serve you better. Reach out to us in case of any concern or feedbacks.,NearBy Electronics,3741 Glory Road,38556,Don_Zulauf40@hotmail.com,Don Zulauf ,110-825-4839,121 Jacobs River ,Port-Vila ,Sleek Plastic Shirt ,28 ,96 ,veniam ,08-07-2023,12-05-2023,TG67TS4201156943079376302586,10
Jamestown,"Tennessee, USA",We are here to serve you better. Reach out to us in case of any concern or feedbacks.,NearBy Electronics,3741 Glory Road,38556,Don_Zulauf40@hotmail.com,Don Zulauf ,110-825-4839,121 Jacobs River ,Port-Vila ,Rustic Plastic Fish ,83 ,44 ,veniam ,08-07-2023,12-05-2023,TG67TS4201156943079376302586,10
Jamestown,"Tennessee, USA",We are here to serve you better. Reach out to us in case of any concern or feedbacks.,NearBy Electronics,3741 Glory Road,38556,Don_Zulauf40@hotmail.com,Don Zulauf ,110-825-4839,121 Jacobs River ,Port-Vila ,Intelligent Granite Computer ,117 ,85 ,veniam ,08-07-2023,12-05-2023,TG67TS4201156943079376302586,10
Jamestown,"Tennessee, USA",We are here to serve you better. Reach out to us in case of any concern or feedbacks.,NearBy Electronics,3741 Glory Road,38556,Don_Zulauf40@hotmail.com,Don Zulauf ,110-825-4839,121 Jacobs River ,Port-Vila ,Ergonomic Fresh Salad ,34 ,25 ,veniam ,08-07-2023,12-05-2023,TG67TS4201156943079376302586,10
Jamestown,"Tennessee, USA",We are here to serve you better. Reach out to us in case of any concern or feedbacks.,NearBy Electronics,3741 Glory Road,38556,Don_Zulauf40@hotmail.com,Don Zulauf ,110-825-4839,121 Jacobs River ,Port-Vila ,Generic Wooden Sausages ,128 ,87 ,veniam ,08-07-2023,12-05-2023,TG67TS4201156943079376302586,10
Jamestown,"Tennessee, USA",We are here to serve you better. Reach out to us in case of any concern or feedbacks.,NearBy Electronics,3741 Glory Road,38556,Don_Zulauf40@hotmail.com,Don Zulauf ,110-825-4839,121 Jacobs River ,Port-Vila ,Handmade Wooden Shoes ,4 ,23 ,veniam ,08-07-2023,12-05-2023,TG67TS4201156943079376302586,10
Jamestown,"Tennessee, USA",We are here to serve you better. Reach out to us in case of any concern or feedbacks.,NearBy Electronics,3741 Glory Road,38556,Terri.Ernser@yahoo.com,Terri Ernser ,415-897-1517,231 Jayne Fields ,Mwanza ,Handcrafted Fresh Tuna ,26 ,71 ,Lorem irure magna dolor,14-06-2023,12-05-2023,SV88JAVJ47172859123136611107,10
Jamestown,"Tennessee, USA",We are here to serve you better. Reach out to us in case of any concern or feedbacks.,NearBy Electronics,3741 Glory Road,38556,Terri.Ernser@yahoo.com,Terri Ernser ,415-897-1517,231 Jayne Fields ,Mwanza ,Fantastic Wooden Car ,105 ,38 ,Lorem irure magna dolor,14-06-2023,12-05-2023,SV88JAVJ47172859123136611107,10
Jamestown,"Tennessee, USA",We are here to serve you better. Reach out to us in case of any concern or feedbacks.,NearBy Electronics,3741 Glory Road,38556,Terri.Ernser@yahoo.com,Terri Ernser ,415-897-1517,231 Jayne Fields ,Mwanza ,Handcrafted Metal Car ,72 ,29 ,Lorem irure magna dolor,14-06-2023,12-05-2023,SV88JAVJ47172859123136611107,10
Jamestown,"Tennessee, USA",We are here to serve you better. Reach out to us in case of any concern or feedbacks.,NearBy Electronics,3741 Glory Road,38556,Terri.Ernser@yahoo.com,Terri Ernser ,415-897-1517,231 Jayne Fields ,Mwanza ,Unbranded Metal Soap ,74 ,67 ,Lorem irure magna dolor,14-06-2023,12-05-2023,SV88JAVJ47172859123136611107,10
Jamestown,"Tennessee, USA",We are here to serve you better. Reach out to us in case of any concern or feedbacks.,NearBy Electronics,3741 Glory Road,38556,Terri.Ernser@yahoo.com,Terri Ernser ,415-897-1517,231 Jayne Fields ,Mwanza ,Awesome Soft Hat ,26 ,96 ,Lorem irure magna dolor,14-06-2023,12-05-2023,SV88JAVJ47172859123136611107,10
Jamestown,"Tennessee, USA",We are here to serve you better. Reach out to us in case of any concern or feedbacks.,NearBy Electronics,3741 Glory Road,38556,Terri.Ernser@yahoo.com,Terri Ernser ,415-897-1517,231 Jayne Fields ,Mwanza ,Awesome Steel Mouse ,110 ,95 ,Lorem irure magna dolor,14-06-2023,12-05-2023,SV88JAVJ47172859123136611107,10
Jamestown,"Tennessee, USA",We are here to serve you better. Reach out to us in case of any concern or feedbacks.,NearBy Electronics,3741 Glory Road,38556,Candace3@yahoo.com,Candace Gerhold ,633-008-6596,533 Hintz Pine ,Cotton Ground ,Ergonomic Wooden Sausages ,89 ,58 ,ipsum enim voluptate consectetur fugiat cupidatat dolore elit,03-07-2023,12-05-2023,PT50018498671400748986119,10
Jamestown,"Tennessee, USA",We are here to serve you better. Reach out to us in case of any concern or feedbacks.,NearBy Electronics,3741 Glory Road,38556,Candace3@yahoo.com,Candace Gerhold ,633-008-6596,533 Hintz Pine ,Cotton Ground ,Handmade Steel Hat ,87 ,53 ,ipsum enim voluptate consectetur fugiat cupidatat dolore elit,03-07-2023,12-05-2023,PT50018498671400748986119,10
Jamestown,"Tennessee, USA",We are here to serve you better. Reach out to us in case of any concern or feedbacks.,NearBy Electronics,3741 Glory Road,38556,Candace3@yahoo.com,Candace Gerhold ,633-008-6596,533 Hintz Pine ,Cotton Ground ,Awesome Granite Sausages ,45 ,20 ,ipsum enim voluptate consectetur fugiat cupidatat dolore elit,03-07-2023,12-05-2023,PT50018498671400748986119,10
Jamestown,"Tennessee, USA",We are here to serve you better. Reach out to us in case of any concern or feedbacks.,NearBy Electronics,3741 Glory Road,38556,Candace3@yahoo.com,Candace Gerhold ,633-008-6596,533 Hintz Pine ,Cotton Ground ,Gorgeous Wooden Shoes ,60 ,85 ,ipsum enim voluptate consectetur fugiat cupidatat dolore elit,03-07-2023,12-05-2023,PT50018498671400748986119,10
Jamestown,"Tennessee, USA",We are here to serve you better. Reach out to us in case of any concern or feedbacks.,NearBy Electronics,3741 Glory Road,38556,Candace3@yahoo.com,Candace Gerhold ,633-008-6596,533 Hintz Pine ,Cotton Ground ,Incredible Concrete Bacon ,12 ,18 ,ipsum enim voluptate consectetur fugiat cupidatat dolore elit,03-07-2023,12-05-2023,PT50018498671400748986119,10
Jamestown,"Tennessee, USA",We are here to serve you better. Reach out to us in case of any concern or feedbacks.,NearBy Electronics,3741 Glory Road,38556,Candace3@yahoo.com,Candace Gerhold ,633-008-6596,533 Hintz Pine ,Cotton Ground ,Small Wooden Hat ,29 ,52 ,ipsum enim voluptate consectetur fugiat cupidatat dolore elit,03-07-2023,12-05-2023,PT50018498671400748986119,10
Jamestown,"Tennessee, USA",We are here to serve you better. Reach out to us in case of any concern or feedbacks.,NearBy Electronics,3741 Glory Road,38556,Candace3@yahoo.com,Candace Gerhold ,633-008-6596,533 Hintz Pine ,Cotton Ground ,Incredible Steel Hat ,76 ,94 ,ipsum enim voluptate consectetur fugiat cupidatat dolore elit,03-07-2023,12-05-2023,PT50018498671400748986119,10
Jamestown,"Tennessee, USA",We are here to serve you better. Reach out to us in case of any concern or feedbacks.,NearBy Electronics,3741 Glory Road,38556,Candace3@yahoo.com,Candace Gerhold ,633-008-6596,533 Hintz Pine ,Cotton Ground ,Incredible Cotton Keyboard ,69 ,91 ,ipsum enim voluptate consectetur fugiat cupidatat dolore elit,03-07-2023,12-05-2023,PT50018498671400748986119,10
Jamestown,"Tennessee, USA",We are here to serve you better. Reach out to us in case of any concern or feedbacks.,NearBy Electronics,3741 Glory Road,38556,Candace3@yahoo.com,Candace Gerhold ,633-008-6596,533 Hintz Pine ,Cotton Ground ,Ergonomic Concrete Chicken ,11 ,58 ,ipsum enim voluptate consectetur fugiat cupidatat dolore elit,03-07-2023,12-05-2023,PT50018498671400748986119,10
Jamestown,"Tennessee, USA",We are here to serve you better. Reach out to us in case of any concern or feedbacks.,NearBy Electronics,3741 Glory Road,38556,Willis_Koelpin4@yahoo.com,Willis Koelpin ,783-402-5895,353 Cara Shoals ,Suchitlán ,Incredible Metal Salad ,20 ,29 ,Lorem laboris mollit ullamco quis,19-06-2023,12-05-2023,MR1554185689725188627992186,10
Jamestown,"Tennessee, USA",We are here to serve you better. Reach out to us in case of any concern or feedbacks.,NearBy Electronics,3741 Glory Road,38556,Willis_Koelpin4@yahoo.com,Willis Koelpin ,783-402-5895,353 Cara Shoals ,Suchitlán ,Practical Cotton Table ,34 ,33 ,Lorem laboris mollit ullamco quis,19-06-2023,12-05-2023,MR1554185689725188627992186,10
Jamestown,"Tennessee, USA",We are here to serve you better. Reach out to us in case of any concern or feedbacks.,NearBy Electronics,3741 Glory Road,38556,Willis_Koelpin4@yahoo.com,Willis Koelpin ,783-402-5895,353 Cara Shoals ,Suchitlán ,Small Frozen Towels ,114 ,66 ,Lorem laboris mollit ullamco quis,19-06-2023,12-05-2023,MR1554185689725188627992186,10
Jamestown,"Tennessee, USA",We are here to serve you better. Reach out to us in case of any concern or feedbacks.,NearBy Electronics,3741 Glory Road,38556,Willis_Koelpin4@yahoo.com,Willis Koelpin ,783-402-5895,353 Cara Shoals ,Suchitlán ,Intelligent Soft Chips ,43 ,95 ,Lorem laboris mollit ullamco quis,19-06-2023,12-05-2023,MR1554185689725188627992186,10
Jamestown,"Tennessee, USA",We are here to serve you better. Reach out to us in case of any concern or feedbacks.,NearBy Electronics,3741 Glory Road,38556,Willis_Koelpin4@yahoo.com,Willis Koelpin ,783-402-5895,353 Cara Shoals ,Suchitlán ,Ergonomic Metal Salad ,34 ,58 ,Lorem laboris mollit ullamco quis,19-06-2023,12-05-2023,MR1554185689725188627992186,10
Jamestown,"Tennessee, USA",We are here to serve you better. Reach out to us in case of any concern or feedbacks.,NearBy Electronics,3741 Glory Road,38556,Kerry_Bergnaum@yahoo.c,Kerry Bergnaum ,189-052-5595,7470 DuBuque Plaza Oranjestad ,eiusmod dolor tempor et velit laboris labore ipsum anim voluptate ,Generic Steel Chips ,70 ,68 ,,14-06-2023,12-05-2023,TG04EM6808839862502629422968,10
Jamestown,"Tennessee, USA",We are here to serve you better. Reach out to us in case of any concern or feedbacks.,NearBy Electronics,3741 Glory Road,38556,Kerry_Bergnaum@yahoo.c,Kerry Bergnaum ,189-052-5595,7470 DuBuque Plaza Oranjestad ,eiusmod dolor tempor et velit laboris labore ipsum anim voluptate ,Practical Granite Keyboard ,22 ,48 ,,14-06-2023,12-05-2023,TG04EM6808839862502629422968,10
Jamestown,"Tennessee, USA",We are here to serve you better. Reach out to us in case of any concern or feedbacks.,NearBy Electronics,3741 Glory Road,38556,Kerry_Bergnaum@yahoo.c,Kerry Bergnaum ,189-052-5595,7470 DuBuque Plaza Oranjestad ,eiusmod dolor tempor et velit laboris labore ipsum anim voluptate ,Tasty Wooden Shoes ,120 ,75 ,,14-06-2023,12-05-2023,TG04EM6808839862502629422968,10
Jamestown,"Tennessee, USA",We are here to serve you better. Reach out to us in case of any concern or feedbacks.,NearBy Electronics,3741 Glory Road,38556,Kerry_Bergnaum@yahoo.c,Kerry Bergnaum ,189-052-5595,7470 DuBuque Plaza Oranjestad ,eiusmod dolor tempor et velit laboris labore ipsum anim voluptate ,Unbranded Metal Hat ,118 ,61 ,,14-06-2023,12-05-2023,TG04EM6808839862502629422968,10
Jamestown,"Tennessee, USA",We are here to serve you better. Reach out to us in case of any concern or feedbacks.,NearBy Electronics,3741 Glory Road,38556,Candace3@yahoo.com,Candace Gerhold ,633-008-6596,533 Hintz Pine ,Cotton Ground ,Tasty Soft Ball ,107 ,74 ,aliqua proident nisi cupidatat pariatur cillum duis minim ex,17-06-2023,12-05-2023,CG4125256047356140683317976,10
Jamestown,"Tennessee, USA",We are here to serve you better. Reach out to us in case of any concern or feedbacks.,NearBy Electronics,3741 Glory Road,38556,Candace3@yahoo.com,Candace Gerhold ,633-008-6596,533 Hintz Pine ,Cotton Ground ,Handmade Soft Keyboard ,64 ,24 ,aliqua proident nisi cupidatat pariatur cillum duis minim ex,17-06-2023,12-05-2023,CG4125256047356140683317976,10
Jamestown,"Tennessee, USA",We are here to serve you better. Reach out to us in case of any concern or feedbacks.,NearBy Electronics,3741 Glory Road,38556,Candace3@yahoo.com,Candace Gerhold ,633-008-6596,533 Hintz Pine ,Cotton Ground ,Tasty Concrete Pizza ,78 ,26 ,aliqua proident nisi cupidatat pariatur cillum duis minim ex,17-06-2023,12-05-2023,CG4125256047356140683317976,10
Jamestown,"Tennessee, USA",We are here to serve you better. Reach out to us in case of any concern or feedbacks.,NearBy Electronics,3741 Glory Road,38556,Candace3@yahoo.com,Candace Gerhold ,633-008-6596,533 Hintz Pine ,Cotton Ground ,Ergonomic Wooden Towels ,75 ,73 ,aliqua proident nisi cupidatat pariatur cillum duis minim ex,17-06-2023,12-05-2023,CG4125256047356140683317976,10
Jamestown,"Tennessee, USA",We are here to serve you better. Reach out to us in case of any concern or feedbacks.,NearBy Electronics,3741 Glory Road,38556,Candace3@yahoo.com,Candace Gerhold ,633-008-6596,533 Hintz Pine ,Cotton Ground ,Unbranded Plastic Chips ,51 ,16 ,aliqua proident nisi cupidatat pariatur cillum duis minim ex,17-06-2023,12-05-2023,CG4125256047356140683317976,10
Jamestown,"Tennessee, USA",We are here to serve you better. Reach out to us in case of any concern or feedbacks.,NearBy Electronics,3741 Glory Road,38556,Candace3@yahoo.com,Candace Gerhold ,633-008-6596,533 Hintz Pine ,Cotton Ground ,Rustic Cotton Soap ,87 ,76 ,aliqua proident nisi cupidatat pariatur cillum duis minim ex,17-06-2023,12-05-2023,CG4125256047356140683317976,10
Jamestown,"Tennessee, USA",We are here to serve you better. Reach out to us in case of any concern or feedbacks.,NearBy Electronics,3741 Glory Road,38556,Candace3@yahoo.com,Candace Gerhold ,633-008-6596,533 Hintz Pine ,Cotton Ground ,Fantastic Cotton Car ,12 ,64 ,aliqua proident nisi cupidatat pariatur cillum duis minim ex,17-06-2023,12-05-2023,CG4125256047356140683317976,10
Jamestown,"Tennessee, USA",We are here to serve you better. Reach out to us in case of any concern or feedbacks.,NearBy Electronics,3741 Glory Road,38556,Candace3@yahoo.com,Candace Gerhold ,633-008-6596,533 Hintz Pine ,Cotton Ground ,Generic Metal Shoes ,83 ,12 ,aliqua proident nisi cupidatat pariatur cillum duis minim ex,17-06-2023,12-05-2023,CG4125256047356140683317976,10
Jamestown,"Tennessee, USA",We are here to serve you better. Reach out to us in case of any concern or feedbacks.,NearBy Electronics,3741 Glory Road,38556,Candace3@yahoo.com,Candace Gerhold ,633-008-6596,533 Hintz Pine ,Cotton Ground ,Ergonomic Rubber Sausages ,87 ,80 ,aliqua proident nisi cupidatat pariatur cillum duis minim ex,17-06-2023,12-05-2023,CG4125256047356140683317976,10
Jamestown,"Tennessee, USA",We are here to serve you better. Reach out to us in case of any concern or feedbacks.,NearBy Electronics,3741 Glory Road,38556,Cary.Zboncak@gmail.com,Cary Zboncak ,741-215-8162,8236 O'Hara Glens ,Moutsamoudou ,Practical Frozen Sausages ,87 ,94 ,et officia nostrud dolore cillum ,08-07-2023,12-05-2023,MK11467CXXWJ5REOQ45,10
Jamestown,"Tennessee, USA",We are here to serve you better. Reach out to us in case of any concern or feedbacks.,NearBy Electronics,3741 Glory Road,38556,Cary.Zboncak@gmail.com,Cary Zboncak ,741-215-8162,8236 O'Hara Glens ,Moutsamoudou ,Rustic Concrete Cheese ,122 ,45 ,et officia nostrud dolore cillum ,08-07-2023,12-05-2023,MK11467CXXWJ5REOQ45,10
Jamestown,"Tennessee, USA",We are here to serve you better. Reach out to us in case of any concern or feedbacks.,NearBy Electronics,3741 Glory Road,38556,Cary.Zboncak@gmail.com,Cary Zboncak ,741-215-8162,8236 O'Hara Glens ,Moutsamoudou ,Refined Soft Hat ,56 ,39 ,et officia nostrud dolore cillum ,08-07-2023,12-05-2023,MK11467CXXWJ5REOQ45,10
Jamestown,"Tennessee, USA",We are here to serve you better. Reach out to us in case of any concern or feedbacks.,NearBy Electronics,3741 Glory Road,38556,Candace3@yahoo.com,Candace Gerhold ,633-008-6596,533 Hintz Pine ,Cotton Ground ,Gorgeous Granite Chair ,42 ,41 ,ad enim duis culpa deserunt cupidatat laborum reprehenderit ullamco minim commodo culpa elit do nulla aute,12-06-2023,12-05-2023,EG059246723727279534566806215,10
Jamestown,"Tennessee, USA",We are here to serve you better. Reach out to us in case of any concern or feedbacks.,NearBy Electronics,3741 Glory Road,38556,Candace3@yahoo.com,Candace Gerhold ,633-008-6596,533 Hintz Pine ,Cotton Ground ,Fantastic Wooden Table ,55 ,46 ,ad enim duis culpa deserunt cupidatat laborum reprehenderit ullamco minim commodo culpa elit do nulla aute,12-06-2023,12-05-2023,EG059246723727279534566806215,10
Jamestown,"Tennessee, USA",We are here to serve you better. Reach out to us in case of any concern or feedbacks.,NearBy Electronics,3741 Glory Road,38556,Candace3@yahoo.com,Candace Gerhold ,633-008-6596,533 Hintz Pine ,Cotton Ground ,Unbranded Cotton Pants ,48 ,93 ,ad enim duis culpa deserunt cupidatat laborum reprehenderit ullamco minim commodo culpa elit do nulla aute,12-06-2023,12-05-2023,EG059246723727279534566806215,10
